Feature,Importance,Std
Age,0.11637654603756316,0.005950273984219815
NumOfProducts,0.10399343873920164,0.009884418470020306
IsActiveMember,0.03230233314979092,0.003620372962171126
Geography,0.018731674663878227,0.0016415596565017034
BalancePerProduct,0.008623492521797805,0.0014892201922738968
Gender,0.008147901368240552,0.0013692937104219348
Balance,0.006790534756636624,0.0009755113455096555
BalanceSalaryRatio,0.0051925577349307694,0.0013442457997519916
CreditScore,0.0013139487715760456,0.0006261283933330595
HasZeroBalance,0.00044451230891923155,0.000348110217198438
